men	bottom	7557	Shorts	Green	Sports	Summer	Nike Men's Tempo 5 Green Short
men	bottom	18976	Track Pants	Red	Casual	Summer	ADIDAS Originals Men Firebird Red Track Pants
men	bottom	42105	Shorts	Grey	Casual	Spring	ADIDAS Men Grey Aess Hsj Shorts
men	bottom	24305	Tracksuits	White	Sports	Fall	ADIDAS White & Navy Blue Tracksuit
men	bottom	26379	Trousers	Olive	Casual	Summer	Turtle Men Striped Grey Trousers
men	bottom	26311	Shorts	Charcoal	Sports	Summer	Proline Charcoal Grey Shorts
men	bottom	24755	Jeans	Blue	Casual	Summer	Spykar Men Blue Jeans
men	bottom	44313	Trousers	Beige	Casual	Summer	Indian Terrain Men Beige Trousers
men	bottom	15463	Tracksuits	Blue	Sports	Fall	Puma Men Graphic Logo Blue Tracksuits
men	bottom	7931	Track Pants	Grey	Sports	Fall	Puma Men Jersey Long Grey Track Pant
men	bottom	16519	Jeans	Black	Casual	Fall	Locomotive Men Washed Black Jeans
men	bottom	13783	Trousers	Khaki	Formal	Fall	Belmonte Men Solid Khaki Trousers
men	bottom	40109	Track Pants	Navy Blue	Casual	Summer	ADIDAS Men Navy Blue Track Pants
men	bottom	24306	Tracksuits	Grey	Casual	Fall	ADIDAS Men Grey & Red Tracksuit
men	bottom	8846	Trousers	Cream	Casual	Summer	Scullers Men Scul Cream Trousers
men	bottom	16623	Trousers	Brown	Casual	Fall	Probase Men Solid Brown Trouser
men	bottom	15480	Track Pants	Brown	Casual	Fall	Puma Men Ess Sweat Pants Open Bottom Brown Track Pants
men	bottom	58567	Tracksuits	Navy Blue	Sports	Summer	Puma Men Navy Blue Tracksuit
men	bottom	34199	Track Pants	Charcoal	Casual	Summer	Proline Men Charcoal Grey Track Pants
men	bottom	51334	Rain Trousers	Navy Blue	NA	Summer	Wildcraft Men Navy Blue Rain Trousers
men	bottom	4832	Track Pants	Yellow	Sports	Summer	ADIDAS Men's Shale Yellow Track Pant
men	bottom	15337	Tracksuits	Olive	Sports	Fall	Nike Men Solid Olive Tracksuits
men	bottom	39080	Shorts	Brown	Casual	Summer	Arrow Sport Men Brown Cargo Shorts
men	bottom	8885	Trousers	Green	Formal	Summer	Scullers Men Scul Green Trousers
men	top	24845	Jackets	Beige	Casual	Summer	Wildcraft Men Wind Cheaters Beige Jacket
men	top	18305	Shirts	Pink	Casual	Summer	Wills Lifestyle Men Striped Pink Shirt
men	top	56854	Shirts	Teal	Party	Summer	John Players Men Teal Shirt
men	top	19810	Sweatshirts	Purple	Casual	Fall	U.S. Polo Assn. Men Stripes Purple Sweatshirt
men	top	59300	Shirts	Beige	Casual	Fall	U.S. Polo Assn. Denim Co. Men Beige Shirt
men	top	16636	Tshirts	Rust	Casual	Summer	Facit Men Smart Rust Tshirt
men	top	34219	Tshirts	Sea Green	Casual	Summer	Proline Sea Green Polo T-shirt
men	top	14084	Sweaters	Blue	Casual	Fall	Flying Machine Men Solid Blue Sweaters
men	top	10682	Tshirts	Tan	Casual	Fall	United Colors of Benetton Men Printed Tan T-shirt
men	top	25006	Shirts	Black	Casual	Summer	United Colors of Benetton Men Black Shirt
men	top	6079	Tshirts	Grey	Casual	Summer	UCB Men's Johny Collar With Two Tone Grey T-shirt
men	top	12358	Shirts	Cream	Formal	Fall	Reid & Taylor Men Solid Cream Shirts
men	top	12462	Waistcoat	Brown	Casual	Fall	Basics Men Brown Checked Waistcoat
men	top	26389	Shirts	Magenta	Formal	Summer	Turtle Men Check Magenta Shirt
men	top	19821	Sweaters	Off White	Casual	Winter	U.S. Polo Assn. Men Solid Off White Sweater
men	top	19170	Tshirts	Olive	Casual	Summer	United Colors of Benetton Men Printed Olive TShirt
men	top	1662	Jackets	Navy Blue	Sports	Fall	Nike Men Blue Windrunner Jacket
men	top	15964	Jackets	Khaki	Casual	Fall	Turtle Solid Men Khaki Jacket
men	top	30767	Kurtas	Brown	Ethnic	Summer	Fabindia Men Brown Silk Kurta
men	top	34211	Tshirts	Coffee Brown	Casual	Winter	Proline Men Coffee Brown Polo T-shirt
men	top	30776	Kurtis	Maroon	Ethnic	Summer	Fabindia Men Maroon Ajrak Printed Kurti
men	top	32199	Kurtas	Beige	Ethnic	Summer	Fabindia Men Printed Beige Kurta
men	top	11172	Sweaters	Red	Casual	Fall	Scullers Men Stripes Red Sweaters
men	top	51409	Shirts	Turquoise Blue	Casual	Summer	Myntra Men Turquoise Blue Striped Shirt
women	bottom	30921	Trousers	Blue	Ethnic	Summer	Fabindia Women Blue Harem Pants
women	bottom	53751	Track Pants	Mauve	Casual	Summer	ADIDAS Women Mauve Track Pant
women	bottom	51609	Trousers	Cream	Casual	Fall	Kraus Jeans Women Cream Trousers
women	bottom	3907	Track Pants	Cream	Casual	Summer	Urban Yoga Women's Fitted Yoga Cream Track Pant
women	bottom	57215	Shorts	Beige	Casual	Fall	Kraus Jeans Women Beige Shorts
women	bottom	47074	Patiala	Blue	Ethnic	Fall	Shree Women Blue & Mustard Patiala
women	bottom	35941	Capris	Charcoal	Casual	Summer	Flying Machine Women Viscose Charcoal Capris
women	bottom	10713	Capris	Blue	Sports	Winter	Nike Women Blue Dri-Fit Capris
women	bottom	30639	Shorts	Purple	Sports	Summer	Nike Women Tempo Purple Shorts
women	bottom	32901	Trousers	White	Casual	Summer	Allen Solly Woman White Trousers
women	bottom	14630	Skirts	Brown	Casual	Fall	United Colors of Benetton Women Check Brown Skirts
women	bottom	50019	Leggings	Grey Melange	Casual	Winter	Hanes Women Grey Comfortsoft Waistband Cotton - Stretch Lace Capri Leggings
women	bottom	47080	Patiala	Mustard	Ethnic	Fall	Shree Women Mustard & Green Patiala
women	bottom	25912	Leggings	Cream	Casual	Summer	Femella Women Cream Leggings
women	bottom	25899	Leggings	Charcoal	Casual	Summer	Femella Women Charcoal Skinny Leggings
women	bottom	2954	Capris	Yellow	Casual	Fall	DUSG Women Uttarkashi Organic Endive Capri
women	bottom	40495	Leggings	Olive	Casual	Summer	Femella Women Olive Leggings
women	bottom	33960	Leggings	Pink	Casual	Summer	Femella Women Pink Leggings
women	bottom	44646	Skirts	Black	Formal	Summer	Arrow Woman Black Skirt
women	bottom	41154	Shorts	Sea Green	Casual	Summer	Allen Solly Woman Light Blue  Shorts
women	bottom	10052	Shorts	Black	Casual	Fall	Puma Women Trunk Black Shorts
women	bottom	43656	Shorts	Orange	Casual	Summer	ONLY Women Orange Shorts
women	bottom	47071	Patiala	Rust	Ethnic	Summer	Shree Women Rust & Red Patiala
women	bottom	47075	Patiala	Red	Ethnic	Fall	Shree Women Red & Black Patiala
women	top	38811	Tops	Blue	Casual	Summer	Latin Quarters Women Blue & Black Tops
women	top	21889	Kurtas	Olive	Ethnic	Fall	BIBA Women Printed Green Kurta
women	top	18200	Sweaters	Red	Casual	Fall	Jealous 21 Women Stripes Red Sweater
women	top	20212	Sweatshirts	Blue	Casual	Fall	Wrangler Women Checkerd Blue Sweatshirt
women	top	57069	Jackets	Charcoal	Casual	Summer	Elle Women Charcoal Waistcoat
women	top	33227	Tops	Cream	Casual	Summer	Sepia Women Cream Top
women	top	7019	Tops	White	Casual	Summer	s.Oliver Women's White Blouse Top
women	top	32579	Tops	Turquoise Blue	Casual	Summer	ONLY Women Turquoise Chiffon Top
women	top	14091	Sweaters	Peach	Casual	Fall	Flying Machine Women Solid Peach Sweaters
women	top	45737	Kurtas	Green	Ethnic	Summer	Folklore Women Green Kurta
women	top	24536	Kurtis	Black	Ethnic	Fall	Mother Earth Women Black Printed Kurti
women	top	15030	Sweaters	Pink	Casual	Fall	ADIDAS Women Stripes Pink Sweaters
women	top	57200	Tunics	Off White	Casual	Summer	Elle Women Off White Tunic
women	top	18959	Sweaters	Blue	Casual	Fall	United Colors of Benetton Women Solid Blue Sweater
women	top	12112	Kurtis	Purple	Ethnic	Fall	W Women Printed Purple Kurtis
women	top	45962	Tops	Yellow	Casual	Summer	Tokyo Talkies Women Yellow Printed Top
women	top	51434	Shirts	Turquoise Blue	Casual	Summer	Myntra Women Turquoise Blue Check Shirt
women	top	58656	Kurtas	Red	Ethnic	Summer	ALayna Women Red Kurta
women	top	24165	Kurtis	Pink	Ethnic	Summer	Aurelia Women Pink Printed Kurti
women	top	52143	Tshirts	Mustard	Casual	Summer	Femella Women Mustard Polo T-Shirt
women	top	22774	Kurtis	Off White	Ethnic	Fall	BIBA OUTLET Women Printed Off White Kurti
women	top	26367	Shirts	Lavender	NA	Summer	Arrow Woman Lavender Shirt
women	top	28739	Tops	Rust	Casual	Summer	W Women Printed Rust Top
women	top	38866	Tops	Orange	Casual	Summer	Latin Quarters Women Orange Top